,Progression,PFS_time.,Recurrence,RFS_time,FUtime_days.,Age,Sex,Tumor.stage,Tumor.grade,Concomitant.CIS,BCG,UROMOL2021.classification,knowles_ID
MK66,0,NA,1,5,4110,64,F,Ta,Low,No,0,Class_1,MK66
MK103,0,NA,1,14,840,33,F,Ta,Low,No,0,Class_1,MK103
MK239,0,NA,0,NA,1830,59,M,Ta,Low,No,0,Class_1,MK239
MK390,0,NA,0,NA,3660,28,M,Ta,Low,No,0,Class_1,MK390
MK419,0,NA,1,11,2010,70,M,Ta,Low,No,0,Class_2b,MK419
MK494,0,NA,0,NA,1440,68,F,Ta,Low,No,0,Class_3,MK494
MK578,0,NA,1,66,1980,66,M,Ta,Low,No,0,Class_1,MK578
MK672,0,NA,0,NA,1020,40,F,Ta,Low,No,0,Class_1,MK672
MK675,0,NA,0,NA,1290,58,M,Ta,Low,No,0,Class_1,MK675
MK865,0,NA,1,10,4350,63,F,Ta,Low,No,0,Class_3,MK865
MK894,0,NA,1,27,1560,77,F,Ta,Low,No,0,Class_1,MK894
MK933,0,NA,1,12,390,74,F,Ta,Low,No,0,Class_1,MK933
MK934,0,NA,1,12,4290,54,F,Ta,Low,No,0,Class_3,MK934
MK990,0,NA,1,12,3840,72,F,Ta,Low,No,0,Class_1,MK990
MK1038,0,NA,0,NA,690,59,M,Ta,Low,No,0,Class_3,MK1038
MK1053,NA,NA,NA,NA,NA,88,F,Ta,Low,No,0,Class_1,MK1053
MK1083,NA,NA,NA,NA,NA,79,M,Ta,Low,No,0,Class_1,MK1083
MK1115,0,NA,1,14,750,80,M,Ta,Low,No,0,Class_1,MK1115
MK1142,0,NA,1,19,3630,58,M,Ta,Low,No,0,Class_1,MK1142
MK1167,0,NA,0,NA,1650,77,F,Ta,Low,No,0,Class_1,MK1167
MK1213,0,NA,0,NA,1080,81,F,Ta,Low,No,0,Class_1,MK1213
MK1214,0,NA,1,NA,2400,67,F,Ta,Low,No,0,Class_1,MK1214
MK1273,0,NA,1,12,3870,70,F,Ta,Low,No,0,Class_1,MK1273
MK1305,0,NA,0,NA,1170,86,M,Ta,Low,No,0,Class_1,MK1305
MK1307,0,NA,0,NA,1350,74,M,Ta,Low,No,0,Class_1,MK1307
MK1326,0,NA,1,101,3570,46,M,Ta,Low,No,0,Class_1,MK1326
MK1337,0,NA,1,36,3000,45,M,Ta,Low,No,0,Class_1,MK1337
MK1361,0,NA,1,34,2880,82,M,Ta,Low,No,0,Class_1,MK1361
MK1385,0,NA,0,NA,3600,59,F,Ta,Low,No,0,Class_1,MK1385
MK1387,0,NA,1,33,4800,74,F,Ta,Low,No,0,Class_3,MK1387
MK1390,0,NA,0,NA,1020,77,F,Ta,Low,No,0,Class_1,MK1390
MK1436,0,NA,0,NA,1890,86,M,Ta,Low,No,0,Class_1,MK1436
MK1440,0,NA,0,NA,1290,67,M,Ta,Low,No,0,Class_1,MK1440
MK1453,0,NA,1,18,1230,88,M,Ta,Low,No,0,Class_1,MK1453
MK1467,0,NA,1,14,1800,84,M,Ta,Low,No,0,Class_1,MK1467
MK1473,0,NA,0,NA,1680,72,F,Ta,Low,No,0,Class_1,MK1473
MK1474,0,NA,1,44,3750,58,F,Ta,Low,No,0,Class_1,MK1474
MK1498,0,NA,0,NA,1740,73,M,Ta,Low,No,0,Class_1,MK1498
MK1514,0,NA,0,NA,120,77,M,Ta,Low,No,0,Class_1,MK1514
MK1527,0,NA,0,NA,1170,70,F,Ta,Low,No,0,Class_1,MK1527
MK1566,0,NA,0,NA,960,88,F,Ta,Low,No,0,Class_1,MK1566
MK1567,0,NA,0,NA,3000,80,M,Ta,Low,No,0,Class_1,MK1567
MK1685,0,NA,0,NA,1260,70,M,Ta,Low,No,0,Class_1,MK1685
MK1709,0,NA,0,NA,3450,34,M,Ta,Low,No,0,Class_1,MK1709
MK1719,0,NA,1,6,2550,67,F,Ta,Low,No,0,Class_1,MK1719
MK1732,0,NA,0,NA,1830,80,M,Ta,Low,No,0,Class_1,MK1732
MK1798,0,NA,0,NA,2070,48,M,Ta,Low,No,0,Class_1,MK1798
MK1858,0,NA,0,NA,2070,67,M,Ta,Low,No,0,Class_1,MK1858
MK1971,NA,NA,NA,NA,NA,63,M,Ta,Low,No,0,Class_1,MK1971
MK1991,0,NA,1,23,1740,68,M,Ta,Low,No,0,Class_3,MK1991
MK1992,0,NA,1,5,2010,53,F,Ta,Low,No,0,Class_1,MK1992
MK2012,0,NA,0,NA,1980,77,M,Ta,Low,No,0,Class_1,MK2012
MK2013,0,NA,0,NA,1950,71,M,Ta,Low,No,0,Class_2b,MK2013
MK2047,0,NA,0,NA,1200,73,M,Ta,Low,No,0,Class_1,MK2047
MK2055,0,NA,0,NA,1200,52,M,Ta,Low,No,0,Class_1,MK2055
MK2063,0,NA,0,NA,1260,59,M,Ta,Low,No,0,Class_1,MK2063
MK2065,0,NA,1,14,1830,62,M,Ta,Low,No,0,Class_1,MK2065
MK2074,0,NA,0,NA,2190,75,M,Ta,Low,No,0,Class_1,MK2074
MK2100,0,NA,0,NA,1560,86,M,Ta,Low,No,0,Class_1,MK2100
MK2104,0,NA,1,28,1860,71,M,Ta,Low,No,0,Class_1,MK2104
MK2108,0,NA,0,NA,480,80,F,Ta,Low,No,0,Class_3,MK2108
MK2111,0,NA,1,21,2910,64,F,Ta,Low,No,0,Class_1,MK2111
MK2118,0,NA,0,NA,930,45,M,Ta,Low,No,0,Class_1,MK2118
MK2132,0,NA,0,NA,2070,80,M,Ta,Low,No,0,Class_1,MK2132
MK2148,0,NA,0,NA,300,27,M,Ta,Low,No,0,Class_1,MK2148
MK2164,0,NA,0,NA,1170,24,M,Ta,Low,No,0,Class_1,MK2164
MK2167,NA,NA,NA,NA,NA,65,M,Ta,Low,No,0,Class_1,MK2167
MK2208,0,NA,0,NA,600,70,M,Ta,Low,No,0,Class_1,MK2208
MK2282,0,NA,0,NA,570,88,M,Ta,Low,No,0,Class_1,MK2282
MK2291,0,NA,1,7,1620,65,M,Ta,Low,No,0,Class_3,MK2291
MK2338,0,NA,0,NA,2010,71,M,Ta,Low,No,0,Class_1,MK2338
MK2350,0,NA,1,8,870,83,F,Ta,Low,No,0,Class_1,MK2350
MK2357,0,NA,0,NA,2100,84,M,Ta,Low,No,0,Class_1,MK2357
MK2425,0,NA,0,NA,960,67,F,Ta,Low,No,0,Class_1,MK2425
MK2452,0,NA,0,NA,870,60,F,Ta,Low,No,0,Class_1,MK2452
MK2472,0,NA,0,NA,1020,68,F,Ta,Low,No,0,Class_1,MK2472
MK2483,0,NA,1,9,1200,41,M,Ta,Low,No,0,Class_1,MK2483
