UROMOL.ID,Progression,PFS_time.,Recurrence,RFS_time,FUtime_days.,Age,Sex,Smoking,Tumor.stage,Tumor.grade,Concomitant.CIS,Tumor.size,Incident.tumor,EAU.risk,BCG,UROMOL2021.classification,cluster
U0001,0,82.4,1,32.73,2472,86,M,Never,Ta,Low grade,No,< 3 cm,No,Intermediate,0,Class 1,C1
U0002,0,72.1,1,4.97,2163,73,M,Former,Ta,Low grade,No,< 3 cm,No,Intermediate,0,Class 2b,C1
U0007,0,62.2,1,12.83,1866,66,M,Current,Ta,Low grade,Yes,< 3 cm,No,High,1,Class 1,C1
U0010,0,40.63,1,4.33,1219,76,M,Current,Ta,Low grade,No,< 3 cm,No,Intermediate,0,Class 2b,C2
U0012,0,62,0,62,1860,83,F,Never,Ta,Low grade,No,< 3 cm,No,Intermediate,0,Class 2a,C2
U0013,1,15.5,1,15.5,465,71,M,Former,Ta,Low grade,No,< 3 cm,No,Intermediate,0,Class 2b,C2
U0024,0,44.17,1,31.83,1325,59,M,Current,Ta,Low grade,No,< 3 cm,No,Intermediate,0,Class 1,C2
U0027,0,81.7,0,81.7,2451,77,F,Current,Ta,Low grade,No,< 3 cm,Yes,Low,0,Class 1,C2
U0028,0,10.8,1,4.77,324,81,F,Never,Ta,Low grade,No,< 3 cm,No,Intermediate,0,Class 1,C2
U0032,0,62.3,1,60.9,1869,64,M,NA,Ta,Low grade,No,< 3 cm,No,Intermediate,0,Class 1,C1
U0035,0,63.97,1,37.73,1919,70,M,Current,Ta,Low grade,No,< 3 cm,No,Intermediate,0,Class 2b,C1
U0037,0,61.1,0,61.1,1833,71,M,Never,Ta,Low grade,No,< 3 cm,No,Intermediate,0,Class 1,C2
U0042,0,52.67,1,5.77,1580,85,M,NA,Ta,Low grade,No,< 3 cm,No,Intermediate,0,Class 2a,C1
U0045,0,52.7,1,4.87,1581,75,M,NA,Ta,Low grade,No,< 3 cm,Yes,Low,0,Class 1,C2
U0053,0,55.5,1,21.43,1665,76,M,Current,Ta,Low grade,No,< 3 cm,Yes,Low,0,Class 2b,C2
U0054,0,12.97,0,12.97,389,77,F,Never,Ta,Low grade,No,< 3 cm,No,Intermediate,0,Class 2b,C2
U0057,0,51.67,0,51.67,1550,84,M,Former,Ta,Low grade,No,< 3 cm,Yes,Intermediate,0,Class 1,C1
U0060,0,51.47,0,51.47,1544,69,M,Current,Ta,Low grade,No,< 3 cm,No,Intermediate,1,Class 1,C2
U0071,0,65.97,0,65.97,1979,54,M,Former,Ta,Low grade,No,< 3 cm,Yes,Low,0,Class 2a,C2
U0072,0,62.57,0,62.57,1877,66,M,Former,Ta,Low grade,No,< 3 cm,No,Intermediate,0,Class 1,C1
U0073,0,81.23,1,4.93,2437,69,F,Former,Ta,Low grade,No,< 3 cm,No,Intermediate,1,Class 1,C2
U0078,0,67.83,1,16.77,2035,45,M,Current,Ta,Low grade,No,< 3 cm,No,Intermediate,0,Class 1,C1
U0087,0,58.6,1,29.87,1758,73,M,Former,Ta,Low grade,Yes,< 3 cm,No,High,1,Class 1,C1
U0088,0,49.27,0,49.27,1478,78,M,Former,Ta,Low grade,No,< 3 cm,No,Intermediate,0,Class 2b,C1
U0089,0,55.37,1,4.73,1661,71,M,Current,Ta,Low grade,Yes,< 3 cm,No,High,1,Class 2b,C2
U0094,0,69.03,1,12.73,2071,52,M,Former,Ta,Low grade,No,< 3 cm,Yes,Low,0,Class 1,C2
U0095,0,41.4,1,13.53,1242,65,M,Current,Ta,Low grade,No,>= 3 cm,Yes,Intermediate,0,Class 1,C2
U0099,0,23.87,1,3.27,716,63,M,Current,Ta,Low grade,Yes,< 3 cm,No,High,0,Class 2b,C1
U0100,0,54.63,0,54.63,1639,76,M,Never,Ta,Low grade,No,< 3 cm,Yes,Low,0,Class 2b,C1
U0105,0,63.8,1,5,1914,75,M,Current,Ta,Low grade,No,< 3 cm,No,Intermediate,0,Class 1,C1
U0106,0,73.57,0,73.57,2207,62,M,Current,Ta,Low grade,No,< 3 cm,Yes,Low,0,Class 3,C1
U0110,0,40.13,0,40.13,1204,66,M,Never,Ta,Low grade,No,< 3 cm,Yes,Intermediate,0,Class 2a,C1
U0114,0,36.1,1,26.2,1083,58,M,Current,Ta,Low grade,No,< 3 cm,No,Intermediate,0,Class 2b,C1
U0117,0,72.63,0,72.63,2179,67,M,Current,Ta,Low grade,No,< 3 cm,Yes,Low,0,Class 1,C1
U0118,0,73.67,1,12.77,2210,65,F,Never,Ta,Low grade,No,< 3 cm,Yes,Intermediate,0,Class 1,C2
U0119,0,24.23,1,9.13,727,78,M,Never,Ta,Low grade,No,>= 3 cm,Yes,Intermediate,0,Class 2a,C1
U0121,0,55.53,1,11.23,1666,87,F,Current,Ta,Low grade,No,< 3 cm,No,Intermediate,0,Class 1,C2
U0122,0,66,0,66,1980,78,M,Current,Ta,Low grade,No,< 3 cm,No,Intermediate,0,Class 3,C1
U0125,0,19.87,0,19.87,596,67,M,Current,Ta,Low grade,No,< 3 cm,Yes,Low,0,Class 1,C1
U0130,0,57.5,1,15.73,1725,49,M,Former,Ta,Low grade,No,< 3 cm,No,Intermediate,0,Class 2b,C2
U0134,0,49.33,1,40.67,1480,78,M,NA,Ta,Low grade,No,>= 3 cm,Yes,Intermediate,0,Class 1,C1
U0140,0,41.07,1,38.73,1232,68,M,NA,Ta,Low grade,No,>= 3 cm,No,Intermediate,0,Class 2b,C2
U0141,0,89.33,1,47.27,1258,61,M,Current,Ta,Low grade,No,< 3 cm,Yes,Low,0,Class 2b,C1
U0142,0,47.37,1,38.7,1421,73,M,NA,Ta,Low grade,No,< 3 cm,Yes,Intermediate,0,Class 1,C2
U0144,0,47.17,1,25.87,1415,60,M,NA,Ta,Low grade,No,< 3 cm,No,Intermediate,0,Class 2b,C1
U0149,0,85.57,0,85.57,1288,71,M,NA,Ta,Low grade,No,< 3 cm,Yes,Low,0,Class 2a,C1
U0153,0,85.97,0,85.97,1300,79,M,NA,Ta,Low grade,No,>= 3 cm,Yes,Intermediate,0,Class 3,C1
U0154,0,43.5,0,43.5,1305,70,M,NA,Ta,Low grade,No,< 3 cm,Yes,Low,0,Class 3,C1
U0156,0,41.53,1,35.1,1246,80,M,NA,Ta,Low grade,No,>= 3 cm,Yes,Intermediate,0,Class 2a,C1
U0158,0,44.53,1,23.4,1336,82,M,NA,Ta,Low grade,No,< 3 cm,No,Intermediate,0,Class 2b,C1
U0161,0,87.93,1,24.73,1246,70,M,NA,Ta,Low grade,No,< 3 cm,Yes,Intermediate,0,Class 2b,C1
U0182,1,78.03,1,78.03,1164,79,M,Current,Ta,Low grade,No,< 3 cm,Yes,Low,0,Class 2b,C1
U0184,0,81.77,NA,NA,1148,68,M,NA,Ta,Low grade,No,< 3 cm,No,Intermediate,0,Class 3,C1
U0188,0,78.5,1,14.03,1011,69,M,NA,Ta,Low grade,Yes,< 3 cm,Yes,High,0,Class 3,C1
U0190,0,78.77,0,78.77,1086,74,M,NA,Ta,Low grade,No,< 3 cm,No,Intermediate,0,Class 2b,C1
U0195,0,37.23,1,16.1,1117,71,F,Former,Ta,Low grade,No,>= 3 cm,Yes,Intermediate,0,Class 2b,C2
U0201,0,1.83,1,1.83,55,61,M,Former,Ta,Low grade,Yes,< 3 cm,No,High,0,Class 2a,C1
U0204,0,61.43,0,61.43,1843,57,M,Never,Ta,Low grade,No,>= 3 cm,No,Intermediate,0,Class 2b,C1
U0233,0,68.4,1,5.37,2052,66,F,Former,Ta,Low grade,No,< 3 cm,No,Intermediate,1,Class 2b,C2
U0261,0,63.1,0,63.1,1893,62,M,Former,Ta,Low grade,No,< 3 cm,No,Intermediate,0,Class 3,C1
U0262,0,105.4,1,9.83,3162,51,M,Current,Ta,Low grade,No,< 3 cm,No,Intermediate,1,Class 3,C1
U0264,0,88.23,1,11.4,2647,64,F,Former,Ta,Low grade,No,< 3 cm,Yes,Intermediate,0,Class 3,C2
U0267,1,4.23,1,1.17,127,75,M,Current,Ta,Low grade,No,>= 3 cm,No,Intermediate,0,Class 3,C1
U0275,0,66.13,0,66.13,1984,63,M,Current,Ta,Low grade,No,< 3 cm,No,Intermediate,0,Class 1,C1
U0278,0,100.4,1,6.33,3012,46,M,Current,Ta,Low grade,No,>= 3 cm,Yes,Intermediate,0,Class 3,C1
U0307,0,97.13,1,3.97,2914,54,M,Current,Ta,Low grade,Yes,< 3 cm,No,High,0,Class 3,C1
U0322,0,103.1,1,50.37,3093,62,M,Current,Ta,Low grade,No,< 3 cm,Yes,Low,0,Class 3,C2
U0329,0,99.93,1,3.77,2998,66,M,Never,Ta,Low grade,No,< 3 cm,Yes,Low,0,Class 3,C2
U0344,0,52.73,0,52.73,1582,83,M,Current,Ta,Low grade,No,NA,Yes,NA,0,Class 3,C1
U0348,0,48.27,1,4.67,1448,70,M,Former,Ta,Low grade,No,NA,Yes,NA,0,Class 2b,C2
U0349,0,92.7,1,5.37,2781,73,M,Former,Ta,Low grade,No,NA,No,Intermediate,1,Class 3,C1
U0350,NA,NA,NA,NA,0,29,M,Current,Ta,Low grade,No,< 3 cm,No,Intermediate,0,Class 1,C2
U0378,0,98.5,1,27.33,2955,61,F,Former,Ta,Low grade,No,< 3 cm,No,Intermediate,0,Class 1,C2
U0384,0,32.43,1,25.9,973,67,M,Current,Ta,Low grade,No,< 3 cm,Yes,Low,0,Class 2b,C2
U0392,0,55.77,1,25.73,1673,82,M,Former,Ta,Low grade,Yes,< 3 cm,No,High,1,Class 2b,C1
U0394,0,96.33,1,8.67,2890,50,M,Current,Ta,Low grade,No,< 3 cm,No,Intermediate,0,Class 3,C1
U0411,0,36.9,0,36.9,1107,68,M,Current,Ta,Low grade,No,< 3 cm,No,Intermediate,0,Class 3,C1
U0412,0,34.97,1,8.33,1049,66,M,Current,Ta,Low grade,No,< 3 cm,No,Intermediate,0,Class 2b,C1
U0421,0,32.07,1,8.67,962,85,M,Current,Ta,Low grade,Yes,< 3 cm,No,High,0,Class 3,C1
U0425,0,99.13,1,3.17,2974,64,M,Current,Ta,Low grade,No,< 3 cm,Yes,Low,0,Class 3,C1
U0426,0,84.2,1,13.03,2526,86,F,Current,Ta,Low grade,No,< 3 cm,Yes,Low,0,Class 3,C2
U0435,0,58.53,0,58.53,1756,58,F,Never,Ta,Low grade,Yes,< 3 cm,Yes,High,0,Class 2a,C1
U0437,0,59.93,1,15.67,1798,64,M,Former,Ta,Low grade,No,NA,Yes,NA,0,Class 3,C1
U0438,0,54.17,1,17.73,1625,72,M,Former,Ta,Low grade,No,< 3 cm,Yes,Low,0,Class 1,C1
U0439,0,92.73,1,33.67,2782,66,F,Current,Ta,Low grade,No,< 3 cm,Yes,Low,0,Class 3,C1
U0446,0,118.83,1,4.17,3565,72,M,Former,Ta,Low grade,No,< 3 cm,No,Intermediate,0,Class 2b,C1
U0447,0,89.93,1,36.63,2698,64,M,Former,Ta,Low grade,No,NA,No,Intermediate,0,Class 2b,C2
U0450,0,16.03,0,16.03,481,69,M,Current,Ta,Low grade,Yes,< 3 cm,No,High,0,Class 2b,C1
U0453,0,61.17,1,30.87,1835,74,M,Current,Ta,Low grade,Yes,< 3 cm,No,High,1,Class 2a,C1
U0458,0,114.4,1,6.13,3432,63,M,Current,Ta,Low grade,No,< 3 cm,No,Intermediate,1,Class 2b,C1
U0461,0,97.07,1,5.63,2912,64,M,Former,Ta,Low grade,No,NA,No,Intermediate,1,Class 3,C1
U0466,0,92.7,1,8.43,2781,64,M,Current,Ta,Low grade,No,< 3 cm,No,Intermediate,0,Class 2b,C1
U0469,0,91.57,1,4.03,2747,63,M,Former,Ta,Low grade,No,< 3 cm,No,Intermediate,0,Class 3,C1
U0494,0,88.87,1,4.2,2666,83,F,Current,Ta,Low grade,Yes,< 3 cm,No,High,0,Class 3,C1
U0496,0,36.17,1,36.2,1085,63,M,Current,Ta,Low grade,Yes,< 3 cm,No,High,1,Class 2a,C1
U0516,0,23,1,4.87,690,62,F,Current,Ta,Low grade,No,< 3 cm,Yes,Low,0,Class 2b,C2
U0519,0,15.33,0,15.33,460,81,M,NA,Ta,Low grade,No,< 3 cm,Yes,Low,0,Class 3,C2
U0538,0,44.07,1,23.67,1322,78,M,Former,Ta,Low grade,No,NA,Yes,NA,0,Class 2b,C1
U0541,0,43.9,1,7.77,1317,63,M,Former,Ta,Low grade,No,NA,Yes,NA,0,Class 1,C2
U0544,0,27.03,0,27.03,811,60,M,Former,Ta,Low grade,No,NA,Yes,NA,0,Class 2b,C2
U0549,0,97.07,0,43.73,2912,59,F,Current,Ta,Low grade,Yes,NA,Yes,High,0,Class 1,C2
U0555,0,19.57,1,12.53,587,61,M,Current,Ta,Low grade,No,NA,No,Intermediate,0,Class 3,C1
U0558,0,42.47,1,19.2,1274,58,M,Former,Ta,Low grade,No,NA,No,Intermediate,1,Class 3,C1
U0560,0,97.6,1,13.2,2928,62,F,Current,Ta,Low grade,No,NA,Yes,NA,0,Class 1,C2
U0562,1,98.23,NA,NA,2947,54,F,Current,Ta,Low grade,No,NA,Yes,NA,0,Class 2b,C2
U0566,0,37.77,NA,NA,1133,72,F,Never,Ta,Low grade,No,NA,Yes,NA,1,Class 2b,C2
U0570,0,16.83,NA,NA,505,53,M,Former,Ta,Low grade,No,NA,Yes,NA,0,Class 2b,C2
U0583,0,91.9,0,41.3,2757,74,M,Former,Ta,Low grade,No,NA,No,Intermediate,0,Class 1,C1
U0584,0,97.17,0,38.5,2915,50,M,Former,Ta,Low grade,No,NA,Yes,NA,0,Class 1,C1
U0585,1,42.77,0,40.87,1283,74,M,Former,Ta,Low grade,No,NA,Yes,NA,0,Class 3,C1
U0587,0,91.23,0,24.13,2737,61,F,Former,Ta,Low grade,No,NA,No,Intermediate,0,Class 3,C1
U0590,0,55.97,0,55.97,1679,74,M,Former,Ta,Low grade,No,< 3 cm,Yes,Low,0,Class 2b,C1
U0600,0,79.57,1,15.33,2387,75,M,Former,Ta,Low grade,No,< 3 cm,Yes,Low,1,Class 2a,C1
U0605,0,62.4,0,62.4,1872,61,M,Former,Ta,Low grade,No,< 3 cm,Yes,Low,0,Class 1,C1
U0607,0,49.43,0,49.43,1483,66,M,Current,Ta,Low grade,No,>= 3 cm,No,Intermediate,0,Class 2b,C2
U0611,0,80.97,1,3.47,2429,63,M,Former,Ta,Low grade,No,< 3 cm,Yes,Low,0,Class 2b,C1
U0612,0,72.1,1,31.2,2163,56,F,Never,Ta,Low grade,No,< 3 cm,No,Intermediate,0,Class 1,C2
U0614,0,68.37,1,17.1,2051,55,F,Current,Ta,Low grade,No,< 3 cm,Yes,Low,0,Class 3,C2
U0615,0,62.97,0,62.97,1889,79,M,Former,Ta,Low grade,No,>= 3 cm,Yes,Intermediate,0,Class 3,C1
U0623,1,26.43,1,26.43,793,77,M,Current,Ta,Low grade,Yes,< 3 cm,Yes,High,0,Class 2a,C1
U0631,0,40.4,0,40.4,1212,74,M,Former,Ta,Low grade,No,< 3 cm,Yes,Low,0,Class 3,C1
U0635,0,40.9,1,8.83,1227,49,M,Current,Ta,Low grade,No,< 3 cm,Yes,Low,0,Class 3,C1
U0638,0,64.23,1,4.53,1927,76,M,Never,Ta,Low grade,No,>= 3 cm,No,Intermediate,1,Class 3,C2
U0641,0,51.27,1,4.87,1538,71,M,Current,Ta,Low grade,No,< 3 cm,Yes,Low,0,Class 1,C2
U0642,0,44.1,0,44.1,1323,82,M,Never,Ta,Low grade,No,< 3 cm,No,Intermediate,0,Class 1,C2
U0643,0,77,1,39.93,2310,59,F,Current,Ta,Low grade,No,< 3 cm,No,Intermediate,0,Class 2b,C2
U0648,0,58.4,0,58.4,1752,69,M,Former,Ta,Low grade,No,< 3 cm,Yes,Low,0,Class 3,C1
U0654,0,76.1,1,6.07,2283,77,M,Current,Ta,Low grade,No,< 3 cm,No,Intermediate,0,Class 1,C1
U0666,0,70.33,1,6.6,2110,77,M,Current,Ta,Low grade,Yes,< 3 cm,Yes,High,0,Class 3,C1
U0754,0,125.07,1,12.3,3752,50,M,Current,Ta,Low grade,No,< 3 cm,Yes,Low,0,Class 2b,C2
U0768,0,113,1,40.83,3390,54,M,Former,Ta,Low grade,No,>= 3 cm,Yes,Intermediate,0,Class 2a,C1
U0772,0,108.27,1,26.6,3248,47,M,Current,Ta,Low grade,No,NA,Yes,NA,0,Class 3,C1
U0779,0,55.07,0,40.43,1652,77,M,Never,Ta,Low grade,No,>= 3 cm,Yes,Intermediate,1,Class 2a,C1
U0794,0,98.5,0,51.17,2955,74,M,Former,Ta,Low grade,No,NA,Yes,Intermediate,0,Class 3,C1
U0832,0,10.87,1,7.67,326,62,M,NA,Ta,Low grade,No,NA,No,Intermediate,0,Class 2b,C2
U0844,0,97.73,1,13.3,2932,53,M,NA,Ta,Low grade,No,NA,Yes,NA,0,Class 2a,C1
U0847,0,78.27,0,32.63,2348,38,M,NA,Ta,Low grade,No,NA,Yes,NA,0,Class 1,C2
U0903,0,15.57,0,15.57,467,89,M,Never,Ta,Low grade,No,< 3 cm,Yes,Low,0,Class 3,C1
U0904,0,34.13,0,34.13,1024,71,M,Current,Ta,Low grade,No,< 3 cm,No,Intermediate,0,Class 1,C1
U0905,0,25.97,0,25.97,779,84,M,Never,Ta,Low grade,No,< 3 cm,Yes,Low,0,Class 2b,C1
U0909,0,64.9,1,4.67,1947,57,M,Current,Ta,Low grade,No,>= 3 cm,Yes,Intermediate,0,Class 2b,C2
U0912,0,42.87,0,42.87,1286,68,M,Current,Ta,Low grade,No,< 3 cm,No,Intermediate,0,Class 3,C1
U0913,0,107.8,1,13.1,3234,68,M,Former,Ta,Low grade,No,< 3 cm,Yes,Low,0,Class 2b,C2
U0915,0,103.77,0,45.5,3113,62,F,Never,Ta,Low grade,No,NA,Yes,NA,0,Class 1,C2
U0918,0,89.8,0,48,2694,57,M,Current,Ta,Low grade,No,< 3 cm,Yes,Low,0,Class 3,C1
U0932,0,74.87,1,6.23,2246,64,M,Former,Ta,Low grade,No,>= 3 cm,No,Intermediate,0,Class 2b,C2
U0954,0,68.53,1,57.07,2056,68,M,Current,Ta,Low grade,Yes,>= 3 cm,No,High,0,Class 2b,C2
U0965,0,85,1,9.57,2550,79,M,Former,Ta,Low grade,Yes,< 3 cm,Yes,High,1,Class 3,C1
U0972,0,84.23,1,18.5,2527,82,F,Never,Ta,Low grade,No,< 3 cm,No,Intermediate,0,Class 2b,C2
U0973,0,83.03,1,16.97,2491,68,M,Former,Ta,Low grade,Yes,< 3 cm,No,High,0,Class 2b,C1
U0976,0,74.43,1,8.87,2233,59,F,Current,Ta,Low grade,No,>= 3 cm,No,Intermediate,0,Class 3,C2
U0986,0,51.2,0,51.2,1536,23,F,Current,Ta,Low grade,No,< 3 cm,Yes,Low,0,Class 1,C2
U0993,1,44.47,1,3.17,1334,85,M,Former,Ta,Low grade,No,>= 3 cm,Yes,Intermediate,0,Class 2b,C2
U0998,1,68.4,1,5.13,2052,59,M,Former,Ta,Low grade,No,NA,No,Intermediate,1,Class 2b,C1
U1002,0,49.67,0,49.67,1490,65,F,Former,Ta,Low grade,No,< 3 cm,No,Intermediate,0,Class 2b,C2
U1005,0,78.63,1,10.9,2359,56,M,Never,Ta,Low grade,No,< 3 cm,Yes,Low,0,Class 3,C2
U1006,0,14.93,1,14.93,448,78,M,Former,Ta,Low grade,No,>= 3 cm,Yes,Intermediate,0,Class 2a,C1
U1019,0,61.6,1,3.93,1848,59,M,Never,Ta,Low grade,No,>= 3 cm,Yes,Intermediate,1,Class 1,C1
U1020,0,31.53,1,5.63,946,76,M,Current,Ta,Low grade,No,>= 3 cm,No,Intermediate,1,Class 2b,C2
U1023,0,10.5,1,10.5,315,61,M,Former,Ta,Low grade,No,< 3 cm,No,Intermediate,0,Class 2b,C1
U1026,0,17.03,1,4.03,511,46,M,Former,Ta,Low grade,Yes,< 3 cm,No,High,0,Class 2b,C2
U1031,0,21.9,0,21.9,657,61,M,Current,Ta,Low grade,No,< 3 cm,Yes,Low,0,Class 1,C1
U1032,0,89.37,1,4.07,2681,58,F,Current,Ta,Low grade,Yes,< 3 cm,No,High,1,Class 3,C2
U1033,1,56.2,1,27.23,1686,78,F,Never,Ta,Low grade,No,< 3 cm,No,Intermediate,0,Class 2b,C2
U1046,0,67.3,1,6.43,2019,65,M,Current,Ta,Low grade,No,>= 3 cm,Yes,Intermediate,0,Class 2b,C2
U1050,0,56.8,1,20.33,1704,61,M,Former,Ta,Low grade,No,< 3 cm,Yes,Low,0,Class 1,C2
U1052,0,66.2,0,66.2,1986,67,F,Former,Ta,Low grade,No,< 3 cm,Yes,Intermediate,0,Class 1,C2
U1057,0,68.63,1,8.43,2059,74,M,Former,Ta,Low grade,Yes,< 3 cm,No,High,0,Class 3,C1
U1061,NA,NA,NA,NA,0,65,M,NA,Ta,Low grade,No,NA,No,Intermediate,0,Class 1,C1
U1082,0,27,0,27,810,76,M,NA,Ta,Low grade,No,NA,No,Intermediate,0,Class 2b,C1
U1103,0,25.87,0,25.87,776,81,F,NA,Ta,Low grade,No,< 3 cm,Yes,Low,0,Class 3,C1
U1106,0,32.27,0,32.27,968,68,M,NA,Ta,Low grade,No,< 3 cm,Yes,Intermediate,0,Class 2a,C1
U1108,0,32.3,0,32.3,969,53,M,NA,Ta,Low grade,No,< 3 cm,Yes,Low,0,Class 3,C1
U1135,0,17,0,17,510,57,M,NA,Ta,Low grade,No,NA,No,Intermediate,0,Class 1,C2
U1148,0,70.33,NA,NA,833,65,M,Current,Ta,Low grade,No,< 3 cm,Yes,Low,0,Class 3,C1
U1150,0,70.13,0,70.13,827,49,M,NA,Ta,Low grade,No,< 3 cm,Yes,Low,0,Class 1,C2
U1153,0,75.3,0,75.3,982,70,M,Current,Ta,Low grade,No,< 3 cm,Yes,Low,0,Class 3,C1
U1157,0,31.7,0,31.7,951,66,M,Current,Ta,Low grade,No,< 3 cm,Yes,Low,0,Class 1,C1
U1174,0,63.23,0,63.23,1897,63,F,Former,Ta,Low grade,No,< 3 cm,No,Intermediate,0,Class 2b,C2
U1177,0,43.6,0,43.6,1308,46,M,Former,Ta,Low grade,No,< 3 cm,Yes,Low,0,Class 1,C1
U1182,0,72.13,1,14.7,2164,64,M,Current,Ta,Low grade,No,< 3 cm,No,Intermediate,0,Class 3,C1
U1196,0,34.6,1,19.53,1038,72,M,NA,Ta,Low grade,No,NA,No,Intermediate,0,Class 2b,C2
U1205,0,87.5,1,40.6,2625,82,M,NA,Ta,Low grade,No,NA,Yes,NA,0,Class 2b,C1
U1206,0,26.5,1,3,795,76,M,NA,Ta,Low grade,Yes,NA,No,High,0,Class 2b,C1
U1228,0,36.2,0,36.2,1086,73,M,Current,Ta,Low grade,No,NA,Yes,NA,0,Class 1,C2
U1230,0,90.93,NA,NA,2728,65,F,Current,Ta,Low grade,No,NA,Yes,NA,0,Class 1,C2
U1231,0,28.4,0,28.4,852,64,F,Current,Ta,Low grade,No,NA,Yes,NA,0,Class 1,C2
U1232,0,83.57,1,4.3,2507,76,M,Never,Ta,Low grade,No,NA,Yes,NA,0,Class 3,C2
U1235,0,92.93,0,32.2,2788,58,F,Current,Ta,Low grade,No,NA,Yes,NA,0,Class 2a,C2
U1237,0,34.27,0,34.27,1028,57,M,Former,Ta,Low grade,No,NA,Yes,NA,0,Class 1,C1
U1243,1,86.4,1,3.67,2592,59,M,Former,Ta,Low grade,No,NA,Yes,NA,0,Class 1,C2
U1248,0,41.63,NA,NA,1249,52,F,Current,Ta,Low grade,No,NA,No,Intermediate,0,Class 3,C1
U1256,0,21.2,NA,NA,636,73,M,Never,Ta,Low grade,No,NA,Yes,NA,0,Class 3,C1
U1265,0,41.93,1,4.43,1258,80,F,Current,Ta,Low grade,No,< 3 cm,No,Intermediate,0,Class 2b,C2
U1266,0,54.23,1,4.57,1627,66,M,Current,Ta,Low grade,No,< 3 cm,No,Intermediate,1,Class 2b,C1
U1267,0,70.93,1,21.03,2128,74,M,Current,Ta,Low grade,No,< 3 cm,Yes,Low,1,Class 1,C1
U1270,0,69.27,0,69.27,2078,57,M,Current,Ta,Low grade,No,< 3 cm,Yes,Low,1,Class 1,C1
U1271,0,45.97,0,45.97,1379,74,M,Never,Ta,Low grade,No,< 3 cm,Yes,Low,0,Class 3,C1
U1276,0,60.07,0,60.07,1802,26,F,Never,Ta,Low grade,No,< 3 cm,Yes,Low,0,Class 2b,C2
U1279,0,58.17,1,4.47,1745,60,F,Current,Ta,Low grade,No,< 3 cm,No,Intermediate,0,Class 1,C2
U1280,0,55.37,1,3.83,1661,57,F,Current,Ta,Low grade,No,< 3 cm,No,Intermediate,0,Class 2b,C2
U1282,0,54.43,1,54.43,1633,52,M,Never,Ta,Low grade,No,< 3 cm,Yes,Low,0,Class 1,C2
U1289,0,56,0,56,1680,72,M,Current,Ta,Low grade,No,< 3 cm,No,Intermediate,0,Class 3,C1
U1291,0,48.53,0,48.53,1456,70,M,Current,Ta,Low grade,No,< 3 cm,No,Intermediate,0,Class 2b,C1
U1293,0,55.33,1,39.27,1660,86,F,Never,Ta,Low grade,No,< 3 cm,No,Intermediate,0,Class 2b,C2
U1298,0,64.63,1,6.5,1939,75,F,NA,Ta,Low grade,No,< 3 cm,Yes,Low,0,Class 1,C2
U1305,0,28,1,13.83,840,65,M,Former,Ta,Low grade,No,< 3 cm,Yes,Low,0,Class 1,C1
U1307,0,21.97,0,21.97,659,79,M,Current,Ta,Low grade,No,< 3 cm,No,Intermediate,0,Class 3,C1
U1308,0,45.47,1,19.17,1364,58,F,Current,Ta,Low grade,No,< 3 cm,No,Intermediate,0,Class 2b,C2
U1309,0,53.67,1,5.13,1610,72,M,Current,Ta,Low grade,No,< 3 cm,Yes,Low,0,Class 1,C1
U1311,0,46.83,0,46.83,1405,82,M,Never,Ta,Low grade,No,< 3 cm,No,Intermediate,1,Class 2b,C1
U1314,0,52.07,1,30.63,1562,60,F,Former,Ta,Low grade,No,< 3 cm,No,Intermediate,0,Class 2b,C2
U1317,0,56.23,1,4.27,1687,68,F,Former,Ta,Low grade,No,< 3 cm,No,Intermediate,1,Class 1,C2
U1330,0,45.67,0,45.67,1370,78,M,Former,Ta,Low grade,No,< 3 cm,No,Intermediate,0,Class 1,C1
U1335,0,65.23,1,7.4,1957,77,M,Current,Ta,Low grade,No,< 3 cm,Yes,Low,0,Class 2a,C1
U1336,0,49.93,0,49.93,1498,70,M,Former,Ta,Low grade,No,< 3 cm,Yes,Low,0,Class 1,C2
U1337,0,25,0,25,750,94,M,Former,Ta,Low grade,No,< 3 cm,Yes,Low,0,Class 2b,C2
U1338,0,61.57,0,61.57,1847,54,M,Current,Ta,Low grade,No,>= 3 cm,Yes,Intermediate,0,Class 3,C1
U1341,0,59.07,1,5,1772,51,F,Current,Ta,Low grade,No,>= 3 cm,No,High,0,Class 2b,C2
U1345,0,49.03,1,4.7,1471,64,M,Current,Ta,Low grade,No,< 3 cm,No,Intermediate,1,Class 1,C1
U1349,0,60.7,1,15.77,1821,70,M,Current,Ta,Low grade,Yes,< 3 cm,Yes,High,1,Class 2b,C1
U1363,0,28.63,1,12.37,859,76,M,Current,Ta,Low grade,No,< 3 cm,Yes,Low,0,Class 2a,C1
U1368,0,60.9,1,36.4,1827,65,M,Current,Ta,Low grade,No,< 3 cm,Yes,Intermediate,0,Class 1,C1
U1388,0,73.93,0,73.93,2218,68,M,Current,Ta,Low grade,No,< 3 cm,Yes,Low,0,Class 3,C1
U1403,0,60.63,1,12.73,1819,54,F,Former,Ta,Low grade,No,< 3 cm,Yes,Low,0,Class 1,C2
U1404,1,63.43,1,63.43,1903,62,M,Current,Ta,Low grade,No,< 3 cm,Yes,Low,0,Class 3,C1
U1408,0,61.63,0,61.63,1849,65,F,Current,Ta,Low grade,No,NA,Yes,NA,0,Class 1,C2
U1409,0,63.27,1,3.77,1898,62,M,Current,Ta,Low grade,Yes,< 3 cm,Yes,High,1,Class 3,C1
U1412,0,41.03,1,10.73,1231,61,M,Current,Ta,Low grade,No,< 3 cm,Yes,Low,0,Class 2b,C1
U1413,0,57.97,1,17.43,1739,62,M,Former,Ta,Low grade,No,< 3 cm,No,Intermediate,0,Class 1,C2
U1425,0,51.63,1,51.63,1549,71,M,Current,Ta,Low grade,No,< 3 cm,No,Intermediate,0,Class 2b,C1
U1426,0,10.37,0,10.37,311,86,F,Never,Ta,Low grade,No,< 3 cm,No,Intermediate,0,Class 2b,C2
U1427,0,65.13,1,59.53,1954,55,M,Never,Ta,Low grade,No,< 3 cm,Yes,Low,0,Class 1,C2
U1432,0,80.6,1,28.43,2418,57,M,Never,Ta,Low grade,No,NA,Yes,Intermediate,0,Class 2b,C1
U1434,0,34.7,1,11.1,1041,75,M,Former,Ta,Low grade,No,< 3 cm,No,Intermediate,0,Class 3,C1
U2026,0,211.33,1,2.53,6340,60,M,NA,Ta,Low grade,No,< 3 cm,Yes,Intermediate,1,Class 2a,C1
U2028,0,110.77,1,18.37,3323,69,M,Former,Ta,Low grade,No,< 3 cm,No,Intermediate,1,Class 2a,C1
U2029,0,95.47,1,3.27,2864,66,F,Current,Ta,Low grade,No,< 3 cm,No,Intermediate,1,Class 3,C1
U2030,0,190.8,1,25.47,5724,61,M,NA,Ta,Low grade,No,< 3 cm,No,Intermediate,1,Class 2a,C1
U2031,0,124.4,1,15.33,3732,63,M,NA,Ta,Low grade,No,< 3 cm,Yes,Low,1,Class 2a,C1
U2032,0,210.17,1,10.93,6305,34,M,NA,Ta,Low grade,No,>= 3 cm,Yes,Intermediate,1,Class 2a,C1
U2034,0,73.8,0,73.8,2214,53,M,NA,Ta,Low grade,No,< 3 cm,No,Intermediate,1,Class 2a,C1
U2037,0,106.07,1,11.6,3182,NA,M,NA,Ta,Low grade,No,>= 3 cm,Yes,Intermediate,1,Class 2a,C1
U2038,1,77,1,4.9,2310,71,F,Former,Ta,Low grade,No,< 3 cm,No,Intermediate,1,Class 2a,C2
U2039,0,53,1,13.07,1590,71,M,Current,Ta,Low grade,No,< 3 cm,Yes,Low,0,Class 3,C1
U2040,0,101.27,1,4.67,3038,68,F,Current,Ta,Low grade,No,< 3 cm,Yes,Low,1,Class 2a,C2
U2042,1,53.47,1,11.77,1604,70,F,Former,Ta,Low grade,No,< 3 cm,Yes,Intermediate,1,Class 2b,C2
U2043,1,89.17,1,89.17,2675,79,M,Current,Ta,Low grade,No,>= 3 cm,Yes,Intermediate,1,Class 2b,C1
U2044,0,133.67,1,18.2,4010,65,F,Current,Ta,Low grade,No,< 3 cm,No,Intermediate,0,Class 2b,C2
U2046,0,92.6,1,9.3,2778,67,M,Former,Ta,Low grade,No,< 3 cm,Yes,Intermediate,0,Class 3,C2
U2048,1,70.7,1,13.1,2123,68,M,Never,Ta,Low grade,No,< 3 cm,No,Intermediate,1,Class 2a,C1
U2052,1,68.13,1,6,2044,61,M,Current,Ta,Low grade,No,< 3 cm,Yes,Intermediate,1,Class 2a,C1
U2053,0,82.57,1,5.77,2477,74,F,Former,Ta,Low grade,No,< 3 cm,Yes,Low,1,Class 2b,C2
U2057,0,152.9,1,5.87,4587,67,M,Current,Ta,Low grade,No,< 3 cm,Yes,Intermediate,1,Class 3,C1
U2058,0,165.87,1,25.5,4976,73,M,Former,Ta,Low grade,No,NA,Yes,NA,1,Class 2b,C2
U2062,0,42.87,1,12,1286,84,M,Former,Ta,Low grade,No,< 3 cm,Yes,Low,0,Class 1,C1
U2063,0,65.6,1,10.93,1968,75,M,Current,Ta,Low grade,No,NA,Yes,Intermediate,1,Class 3,C1
U2064,0,120.9,1,120.9,3627,57,M,Current,Ta,Low grade,No,NA,No,Intermediate,0,Class 3,C1
U2065,0,56.1,1,3.77,1683,39,M,Current,Ta,Low grade,No,>= 3 cm,Yes,Intermediate,1,Class 3,C1
U2067,NA,NA,1,5.13,3037,57,F,Current,Ta,Low grade,No,< 3 cm,No,Intermediate,1,Class 2b,C2
U2068,0,89.53,1,12.2,2686,73,F,Never,Ta,Low grade,No,< 3 cm,Yes,Low,0,Class 3,C2
U2069,0,45,1,8.43,1350,64,M,Current,Ta,Low grade,No,< 3 cm,No,Intermediate,1,Class 2a,C1
U2070,0,54.73,1,5.67,1642,74,M,Former,Ta,Low grade,No,< 3 cm,Yes,Low,0,Class 2a,C1
U2071,0,69.1,1,6.87,2073,73,F,Former,Ta,Low grade,No,>= 3 cm,Yes,Intermediate,0,Class 3,C1
U2072,0,133.93,1,8.4,4018,66,F,NA,Ta,Low grade,No,< 3 cm,Yes,Low,1,Class 2a,C2
U2073,1,214.43,1,6.13,6433,63,M,Current,Ta,Low grade,No,< 3 cm,No,Intermediate,1,Class 2b,C1
U2074,0,37.97,1,1.63,1139,69,M,NA,Ta,Low grade,No,< 3 cm,Yes,Intermediate,1,Class 2a,C1
U2075,0,39,1,4.63,1170,70,F,Former,Ta,Low grade,No,< 3 cm,No,Intermediate,1,Class 2a,C2
U2077,0,257.87,1,0.07,7736,44,M,Former,Ta,Low grade,No,< 3 cm,No,Intermediate,0,Class 3,C1
U2078,0,55.33,1,5.13,1660,63,F,Current,Ta,Low grade,No,< 3 cm,No,Intermediate,1,Class 2b,C2
U2079,0,224.27,1,9.23,6728,51,F,Former,Ta,Low grade,No,< 3 cm,No,Intermediate,1,Class 2a,C1
U2103,0,121.6,1,91,3648,NA,M,NA,Ta,Low grade,No,< 3 cm,No,Intermediate,1,Class 2b,C1
U2104,0,65.77,0,65.77,1973,NA,M,NA,Ta,Low grade,No,< 3 cm,Yes,Intermediate,1,Class 2a,C1
U2106,0,168.23,0,168.23,5047,64,M,NA,Ta,Low grade,No,< 3 cm,Yes,NA,1,Class 2b,C2
U2107,0,49.9,1,49.9,1497,43,M,NA,Ta,Low grade,No,< 3 cm,No,Intermediate,1,Class 1,C2
U2109,0,70.83,0,70.83,2125,53,M,NA,Ta,Low grade,No,< 3 cm,No,Intermediate,1,Class 2b,C2
U2110,0,98.8,1,59.77,2964,73,M,NA,Ta,Low grade,Yes,>= 3 cm,Yes,High,1,Class 2a,C1
U2111,0,52.2,0,52.2,1566,59,M,NA,Ta,Low grade,No,< 3 cm,No,Intermediate,1,Class 2a,C1
U2113,0,65.07,1,41.63,1952,60,F,NA,Ta,Low grade,No,< 3 cm,No,Intermediate,1,Class 3,C1
U2114,0,49.73,1,5.4,1492,70,F,NA,Ta,Low grade,No,< 3 cm,No,Intermediate,1,Class 3,C2
U2115,1,31,1,4.17,930,50,M,NA,Ta,Low grade,No,< 3 cm,No,Intermediate,1,Class 2a,C1
U2116,0,161.13,1,13.3,4834,59,F,NA,Ta,Low grade,No,< 3 cm,No,Intermediate,1,Class 3,C2
U2117,0,27,1,6.3,810,61,M,NA,Ta,Low grade,No,< 3 cm,Yes,Intermediate,1,Class 2a,C1
U2118,0,141,1,4.17,4230,60,F,NA,Ta,Low grade,No,< 3 cm,No,Intermediate,1,Class 2b,C2
U2120,0,46.73,1,9.37,1402,52,F,NA,Ta,Low grade,No,< 3 cm,No,Intermediate,1,Class 2a,C2
U2122,1,11.57,1,4.83,347,78,M,NA,Ta,Low grade,No,< 3 cm,No,Intermediate,1,Class 2b,C2
